id,equation
0,11 + 83 + 62 * 23 - 68
1,71 - 66 - 9
2,82 + 51 + 59 / 46
3,59 + 52 + 89 + 10 - 97 - 96
4,57 + 74 - 98 / 20 - 34
5,79 / 14 * 54 + 94
6,39 - 18 / 3
7,89 * 2 * 18 - 28
8,80 - 29 * 39 + 69
9,25 + 76 / 82 + 83
10,56 * 61 * 65 * 17 + 40
11,70 / 15 + 8 / 42 + 41
12,98 * 76 * 9 - 30
13,2 + 16 + 1 - 72
14,28 * 7 + 62 - 32
15,1 + 28 / 2 * 56
16,29 / 67 * 8 - 13
17,70 * 80 * 9 - 19 * 16
18,32 + 18 - 45 - 62 - 11
19,89 / 15 / 98 * 30 - 5
20,27 * 56 + 22 - 54 + 82 * 1
21,61 / 60 * 57 + 42 - 19 * 33
22,29 - 12 / 29 / 100 / 72
23,78 - 42 * 23 - 51 - 96
24,17 * 68 / 27 / 55 * 21
25,17 - 43 - 43 / 39
26,51 + 73 + 33 + 15
27,90 - 31 - 64 / 86 + 74 / 35
28,29 / 67 / 42 * 3
29,34 + 31 + 78 * 92 * 7
30,13 + 45 * 67 / 48 - 64
31,10 / 59 + 92 * 49 - 32
32,30 + 79 * 22
33,55 - 73 - 13 * 43 - 81
34,67 + 97 * 78 / 67
35,60 + 51 + 82 * 4 * 27
36,38 - 63 + 60 - 9
37,99 + 89 + 27
38,58 / 60 + 32 - 1
39,74 - 4 / 67 - 54
40,78 * 22 / 10 - 10 - 10 * 53
41,85 / 66 * 39 / 33 / 47
42,19 + 2 - 58 - 4
43,73 + 1 * 74 + 83
44,50 - 81 - 2
45,25 + 43 + 43 + 82
46,96 - 34 + 31 + 84
47,16 * 43 + 77 - 94 * 76
48,55 / 4 - 76
49,15 - 46 / 20 - 20
50,32 / 85 / 5 - 26 + 67 + 19
51,49 / 10 * 82 / 87
52,46 / 37 / 85 + 90 + 59
53,55 + 7 / 25 * 93
54,48 + 98 - 9 - 11
55,51 - 37 / 67 - 47
56,78 / 71 - 61 * 27
57,44 / 34 - 29 + 94
58,82 / 52 + 85 + 82
59,50 + 82 + 59 - 1 - 4
60,64 / 100 / 77
61,14 / 99 - 50 / 39
62,36 + 52 - 42 / 37 + 33
63,25 / 52 * 8 / 88
64,59 * 34 / 64 / 78
65,82 - 87 - 49 * 20 - 90
66,50 + 49 + 65 * 53
67,72 + 80 + 37 / 73
68,31 - 13 + 50 + 2 - 14
69,86 + 64 + 20 - 95
70,92 / 26 + 36 - 59 + 59 + 55
71,66 / 78 * 16 * 33 - 8
72,93 * 34 - 71 * 61
73,74 / 6 - 91 * 52 / 88
74,77 * 44 + 38 + 7
75,71 / 44 + 24 + 87 - 82 * 13
76,73 - 40 * 43 + 41
77,31 - 71 * 82 * 27
78,26 - 33 / 100 * 76
79,18 + 98 * 85 + 83
80,76 - 32 * 40 + 40 + 3
81,10 - 31 * 28 * 89
82,40 - 99 * 24 - 90
83,2 * 15 / 74
84,95 * 69 + 49 + 90
85,71 / 64 * 79 + 63 + 53 * 81
86,65 - 4 * 76 - 6
87,99 / 23 / 59 + 75 + 2
88,80 + 2 - 22 + 70 * 98
89,84 - 40 / 44 - 30
90,9 + 81 * 70
91,31 * 81 + 22 * 96 - 88
92,63 - 43 + 80 * 64 / 58
93,70 - 67 - 22 - 6 - 23
94,73 / 57 + 89 - 72 * 59
95,59 / 10 - 29 * 16 - 61 + 68
96,70 / 72 + 18 / 13
97,73 - 73 - 31
98,29 / 24 * 76 * 75
99,38 - 48 - 27
100,7 + 11 - 72
101,71 / 97 * 98
102,72 * 85 + 43 * 51
103,50 * 4 / 55 * 62
104,70 + 30 + 14
105,13 * 66 - 88 * 26
106,96 + 19 + 37 / 10 * 70
107,9 * 99 / 44 + 55 / 60
108,23 - 48 * 5 + 63
109,66 / 11 + 28 - 55
110,41 * 54 / 87 + 59 * 46
111,79 * 24 + 64 * 19
112,68 * 41 / 66 * 80 / 87 * 33
113,95 - 15 - 56 / 18
114,19 / 53 - 91 * 55
115,24 / 67 + 31 * 64
116,51 * 67 - 73
117,86 / 25 * 21 / 80 / 1 / 44
118,27 - 67 / 1 - 87 + 44
119,75 * 32 * 21 + 59
120,99 - 100 * 47 - 99
121,16 - 38 - 14 + 47 + 96
122,80 - 66 / 73
123,9 + 43 / 18 / 6
124,61 - 80 / 3 / 83
125,63 / 34 - 57 - 84 + 78 + 15
126,39 / 83 - 13 - 85 / 79 + 95
127,75 - 39 + 8 / 63 - 84 / 17
128,16 * 76 / 38 / 22
129,34 / 87 - 2 / 14
130,37 / 97 * 77 - 96 * 8
131,36 / 97 - 90 * 12
132,83 / 11 + 74
133,27 * 30 - 63
134,26 * 17 * 4 * 40
135,40 + 85 - 3 - 71
136,10 - 32 / 3 - 72 - 28
137,46 + 80 / 21 / 4 * 68
138,67 / 24 / 81 + 25
139,56 - 28 / 36 / 52 + 36
140,83 / 87 / 46 + 31 * 7 * 97
141,82 / 16 / 71 - 61 / 23
142,74 - 94 * 29 / 32 / 90
143,22 + 16 / 76 * 11 / 56
144,23 - 61 / 77 - 51
145,64 + 48 / 63 + 36 + 24
146,31 / 60 - 41 / 43 - 61
147,36 + 35 * 56 / 7
148,46 * 22 - 88 / 16
149,87 * 29 * 50
150,80 / 24 * 98 / 88
151,48 * 11 + 55 / 25 + 59
152,67 + 75 * 57 - 98
153,100 + 68 + 35 + 29
154,74 - 69 - 99 + 14 - 66
155,73 - 89 - 28 / 79
156,47 + 98 - 87 / 20
157,24 * 73 * 2 - 73
158,84 + 1 - 51 * 30
159,37 + 55 + 48 * 26
160,42 / 50 / 88 - 44
161,29 + 79 - 40
162,68 + 23 * 63 + 54 + 35
163,20 * 60 / 18 * 4
164,62 + 51 * 87 + 59 / 90
165,25 / 76 + 44 / 15
166,80 * 85 / 89 - 92
167,89 / 34 - 99
168,29 * 47 / 2 / 29 / 85
169,11 * 77 * 54 - 7
170,44 + 50 * 40 / 46 - 31
171,18 / 10 / 33 * 58 + 85
172,17 / 23 * 49 - 29 / 91 - 45
173,65 * 3 * 68 * 82 * 16
174,43 * 32 + 50 - 29
175,96 + 36 - 8 / 69
176,88 / 20 - 97 / 72
177,48 / 33 / 4 + 52
178,91 + 73 * 54 - 46
179,3 / 18 - 15 * 26
180,31 * 3 / 58 * 93 / 7
181,9 * 99 * 19 / 5
182,20 * 34 * 91 * 87 - 7 + 30
183,91 - 67 * 22 + 15
184,50 - 68 - 82 - 25 / 40 * 46
185,63 * 8 + 70 - 83 * 45
186,28 - 16 * 9 - 8 * 97
187,32 + 3 - 40
188,74 * 13 + 66 + 67
189,16 * 3 - 32 / 14 + 81
190,82 + 26 * 98 / 67
191,61 / 14 / 21
192,64 * 88 - 1 + 88
193,23 * 34 / 95 + 7 + 46
194,77 / 55 / 34 + 99 + 23
195,4 - 65 - 80 * 32
196,80 + 44 - 44 + 57 / 37
197,76 - 89 / 72
198,58 / 25 / 86 * 97 / 14
199,81 * 8 + 96 + 90
200,56 - 15 - 83 * 89
201,85 + 91 - 82 - 63
202,71 - 75 + 30 - 96 + 88
203,68 / 2 / 10
204,6 / 78 * 10
205,88 + 99 - 49
206,2 * 75 * 30
207,30 / 83 + 23 - 21 * 91 - 24
208,82 / 39 + 12 - 10
209,46 - 89 * 37 - 24
210,70 + 92 + 38 - 38 * 61
211,94 * 53 / 18 + 36 / 21
212,58 * 57 / 1 * 79
213,63 / 97 / 94 + 40
214,26 + 21 / 80 * 93 * 5 + 72
215,52 + 15 - 28
216,19 + 97 * 85
217,96 + 75 - 59 / 20 / 39
218,25 * 23 - 73 / 14 / 24
219,78 + 73 / 85 * 13
220,80 / 93 * 43 * 7 + 17
221,36 - 23 * 72 / 27
222,25 / 29 * 59
223,83 / 83 + 90 / 40
224,46 + 32 * 89 * 94
225,76 * 3 + 47 / 86 + 84 / 44
226,54 / 92 + 42 - 77 * 96
227,84 / 31 / 40 + 90
228,49 - 97 * 12 - 32 * 37 / 69
229,2 / 41 + 7 + 22 - 27
230,78 - 24 * 32 + 49 / 59
231,58 + 61 - 100 + 91 / 64 + 26
232,44 - 50 / 3 * 48
233,32 * 80 / 35 / 26
234,41 / 93 - 86 / 7
235,1 - 93 / 97 - 43 - 7 + 18
236,76 * 73 / 16 * 16 * 91
237,53 + 34 * 16
238,38 * 23 / 8 - 100 / 56
239,37 / 46 * 99 * 14 / 16
240,49 / 33 * 6 - 88 - 94 / 37
241,31 - 3 / 11 + 42 * 94
242,7 / 44 / 29
243,94 / 35 - 14 / 96 + 29
244,15 - 99 * 95 + 77
245,41 / 7 + 79 / 12
246,56 + 95 - 73
247,22 / 89 - 43 + 70 / 74 * 2
248,6 * 51 / 72
249,17 + 62 * 55 / 64 * 100
250,90 / 7 + 29 + 18
251,98 - 77 * 58 - 22
252,31 + 92 / 27
253,22 + 23 + 50 / 64 - 67
254,74 * 78 + 88
255,62 + 89 * 16 + 6
256,98 * 57 * 56
257,70 * 38 / 10 - 15
258,21 - 76 / 81 - 41
259,86 - 45 - 46 + 48
260,88 / 25 - 39 / 45 - 35
261,45 - 10 / 60 * 74
262,83 / 89 * 48
263,2 + 66 / 78 * 7
264,29 - 68 + 11 / 56
265,66 * 47 * 22 / 51 * 19
266,15 / 98 * 82 - 60 / 43 / 23
267,53 + 72 - 80 / 39
268,7 * 61 * 15 * 86 + 14 / 24
269,94 * 54 + 81 + 71
270,71 / 70 * 92 - 81
271,32 * 66 - 50 - 89 * 48 - 58
272,92 + 18 + 70 * 19
273,75 / 21 + 26 * 2 - 51 + 50
274,36 * 68 * 41 / 87
275,53 - 71 - 64 - 95 * 51
276,6 * 84 - 79 * 83
277,20 / 94 * 88 * 4 + 51
278,1 / 86 + 52 - 78
279,21 - 19 / 19 * 55 + 100
280,68 / 5 + 70 * 55 + 30
281,11 / 60 * 98 * 11 / 20
282,68 * 36 + 92 - 31
283,61 / 9 + 90
284,1 * 4 - 24 + 41
285,19 / 90 * 84 / 40
286,91 + 9 - 57 + 58 + 100
287,37 * 31 / 29 + 49 + 36 - 72
288,62 - 24 / 94 / 66
289,59 * 79 / 2 - 19
290,92 / 32 + 15 / 68 / 36 * 68
291,42 + 19 * 54 - 22
292,73 / 46 / 43
293,87 - 89 * 59 + 58
294,27 * 73 * 9 + 91 / 7 * 89
295,43 - 71 + 46 / 75 + 20
296,99 - 67 + 60 + 81 * 68
297,73 - 93 - 79 - 14 + 83
298,82 - 94 - 67 - 73 * 29
299,58 - 34 + 45
300,28 * 68 - 45 - 50
301,34 * 30 - 15 + 18
302,52 + 22 - 72 + 100 * 26
303,26 - 65 * 64 + 7 - 85
304,44 * 14 + 48 - 21 / 19
305,10 + 63 + 17 / 25
306,71 / 69 * 48 + 98
307,96 / 11 - 20 + 86
308,81 * 7 / 78 + 59
309,21 + 55 / 81 / 100
310,94 / 98 + 72 / 76
311,85 / 74 + 55 + 17
312,48 * 21 - 75 + 25 - 69
313,26 * 96 * 88 / 7
314,53 * 31 / 82 / 23
315,97 + 78 + 81 - 34
316,69 / 39 / 6 - 32 / 29
317,47 * 18 / 77 / 49
318,3 / 52 + 78 * 10
319,79 / 43 * 79 * 29
320,53 * 25 - 25 / 32
321,23 + 34 + 24 + 91
322,35 + 56 / 75
323,94 + 59 * 97 - 96 + 72 * 13
324,67 + 22 / 21 * 95
325,64 / 50 + 20 * 79 * 32
326,74 * 26 + 77 - 28 - 84
327,37 / 78 - 23 + 98 * 15
328,1 * 85 + 28 * 95 - 14
329,96 / 100 + 24 * 56
330,17 + 73 - 45 * 93
331,36 * 59 * 83 * 68
332,28 + 27 - 10 - 48 / 89
333,30 + 26 - 84 + 16 + 84
334,77 - 67 / 1 / 83 / 17
335,73 * 47 - 47 * 7
336,46 * 29 * 35
337,74 + 90 + 11 - 35
338,2 - 10 + 88 + 84
339,98 * 20 / 91 / 50
340,71 / 32 / 95 / 9
341,87 * 87 - 17 + 100
342,80 * 38 / 30
343,76 + 8 * 23 / 16
344,19 * 13 + 49 - 31 / 45
345,13 + 11 + 95 - 70 * 31 - 35
346,94 - 54 * 83 * 55 * 79
347,28 + 42 + 38 / 92 / 11
348,55 - 44 - 89 / 39
349,66 - 50 * 14 + 32 / 7
350,52 + 42 / 65 + 90 / 86
351,43 + 36 * 81 / 43 / 98
352,9 / 64 * 23 + 2
353,41 / 19 + 34 * 34
354,50 - 69 / 46 * 34
355,46 + 71 / 42 + 62 - 81
356,20 / 35 / 57 + 14
357,99 / 7 * 85 * 47 - 11
358,79 * 8 - 43 + 43 + 22
359,71 - 49 * 82 * 63
360,23 - 91 - 55 + 91 - 55
361,76 * 77 - 5 - 44
362,94 - 33 + 77 - 36 / 66
363,41 / 15 / 32
364,79 * 6 * 58
365,90 - 61 / 72 + 7
366,64 / 50 / 42 * 4
367,13 * 53 + 43 * 74 + 14
368,52 * 20 / 96 / 13
369,37 + 49 + 94 * 58
370,9 * 33 + 92 + 74 / 76 / 35
371,80 + 4 / 48 - 49
372,100 * 91 / 74 - 81 + 45
373,100 / 36 + 58 * 50 + 98
374,94 - 46 + 97 - 100 / 98 / 85
375,86 - 10 * 86 * 84 * 88
376,37 / 35 / 5 * 15 + 36
377,5 * 98 + 66 * 25
378,62 + 70 / 44 * 3
379,42 * 93 - 84 * 10 + 76 - 35
380,99 * 47 * 43 / 51 - 35 + 47
381,25 * 98 / 55 * 87 - 82 + 52
382,99 / 24 * 45 + 31 * 94 * 77
383,40 - 51 - 72 * 86
384,11 / 62 - 87 - 26
385,55 - 88 - 30 + 97 * 7
386,51 + 91 + 66 * 79 - 11 / 96
387,16 - 95 - 45
388,22 - 78 - 46 / 65
389,35 + 53 / 49 * 6
390,84 - 55 / 48 * 82 / 28
391,80 - 60 - 77 * 72 / 64
392,8 - 18 * 28 / 25 / 8
393,97 * 1 / 25 / 10 - 67 - 22
394,51 - 97 * 27 + 59
395,93 / 19 * 68 + 35 + 59
396,43 * 8 + 35
397,38 - 3 * 25 / 26
398,3 - 96 / 46 + 49
399,65 - 74 / 80 * 27 + 60
400,50 / 69 + 28 / 75 * 57 - 70
401,46 / 72 + 44
402,61 * 59 - 82 + 10 * 69 + 82
403,45 * 10 - 46 - 98
404,57 + 42 * 22 / 94 - 74 / 86
405,75 / 9 + 73 + 93 + 84
406,36 * 77 - 35 - 39
407,72 / 7 + 38 * 10 - 96 * 12
408,79 + 70 + 78 - 53
409,84 / 24 / 19 + 74 + 27
410,95 / 89 + 48 - 35 - 24 * 23
411,46 / 6 + 52
412,42 * 8 - 17 / 90 - 100
413,38 + 83 * 63 + 53 + 79
414,52 / 87 / 3 + 45 / 13
415,59 * 20 * 87 + 66 * 47
416,5 + 84 * 42 - 70
417,16 + 31 * 58 - 30
418,100 + 35 * 54 * 20
419,70 - 10 / 7 / 3 - 35
420,72 - 26 + 42 / 85
421,98 + 80 * 92 - 48
422,51 + 53 - 69 + 34
423,25 * 66 * 71 / 54 / 31
424,55 * 63 + 47 - 72
425,9 * 47 * 10 + 19 * 32 * 85
426,77 + 17 * 95 / 36 / 52
427,42 / 67 / 36 * 80
428,58 - 74 / 19 / 28 * 15 * 85
429,64 + 30 / 59 + 11 / 90
430,23 - 30 * 71 * 18 + 20 + 24
431,14 * 50 * 19
432,59 * 91 / 98 / 64 - 54
433,13 / 21 * 42 / 34 + 26 * 49
434,71 / 50 * 1 + 87
435,6 + 10 / 39 * 49 - 3 + 40
436,45 - 59 / 99 + 13
437,93 - 68 + 39 - 96
438,85 * 3 * 69 / 80 + 71 - 71
439,93 / 8 * 78 * 57 / 60
440,61 + 82 - 63 * 42 / 24 * 7
441,34 * 4 - 76 + 55
442,65 + 23 - 90 / 73
443,46 / 76 + 50 * 12 * 43
444,6 / 26 - 15 * 19
445,99 / 44 - 19 + 65 - 65 + 85
446,59 / 63 - 44 / 26
447,75 + 30 * 93 * 13
448,36 + 43 * 29 * 66 - 94
449,64 - 48 * 26 - 25
450,94 + 36 - 22 - 15
451,16 - 58 / 27 + 67 * 100 * 10
452,30 / 22 - 76 + 98
453,36 + 30 * 92 / 39
454,76 / 9 / 60 / 89 + 36 - 31
455,6 * 30 + 40 / 12
456,10 / 53 * 8 - 55 - 69
457,79 - 67 / 82 + 55
458,72 + 33 - 100
459,97 * 46 - 54 - 63 * 97 - 68
460,80 * 99 * 42 + 50
461,13 * 73 - 46 * 55
462,99 - 70 * 9 + 6
463,38 - 7 - 13 - 85 * 78
464,24 + 53 + 86 + 25 + 2
465,11 * 98 - 50 / 15 + 79
466,95 / 65 * 62 * 88 / 58 - 44
467,9 / 77 * 75 / 79
468,42 + 78 + 6 - 76 / 60
469,93 / 79 / 29 / 28
470,41 - 16 * 66 - 11 * 100 * 2
471,58 * 30 / 55
472,81 - 99 * 71
473,71 + 97 * 13 - 49
474,64 / 38 + 91 * 8 / 72
475,55 - 10 - 53 + 5
476,93 + 66 * 37 / 19 / 23 - 19
477,7 - 35 * 26 * 29
478,9 - 30 - 61 / 78 / 95
479,14 / 45 * 65 / 62 + 15 + 40
480,49 / 50 / 54 - 25 - 37 * 31
481,5 + 81 + 68 * 11 / 24
482,12 / 16 * 89 + 86
483,91 + 63 / 46 - 94 * 2
484,26 * 82 / 82 * 6 + 77
485,2 / 5 + 93 - 74 * 6
486,48 * 30 + 73 / 46
487,61 / 79 * 24 + 40
488,26 - 17 + 2 / 51
489,40 * 73 * 96
490,54 * 61 - 61 - 15
491,83 / 60 + 68 + 64 + 68 - 29
492,92 * 34 / 1 / 81
493,44 - 57 - 91 * 99 * 69 - 37
494,3 / 71 * 16 * 94
495,82 / 95 * 33 / 46 + 44
496,100 * 75 * 100 + 41 / 42 * 67
497,3 + 67 / 5
498,78 * 55 - 49
499,21 + 11 / 89
500,96 - 36 / 42 - 74 - 41 + 23
501,7 + 11 - 77 + 69 / 10
502,38 * 96 / 33 - 66
503,27 / 26 - 77 / 82
504,48 / 13 + 50 - 57 - 19
505,94 * 24 / 41 / 77 * 12
506,68 - 20 / 24
507,19 * 1 * 79
508,44 * 25 / 23 - 25
509,8 - 81 * 75 * 47 - 35
510,86 * 62 * 36 - 46 / 17
511,72 * 35 / 75 * 1
512,64 * 47 * 88
513,10 + 53 / 78 / 18 * 36 - 93
514,28 * 97 + 78 * 14 + 91 * 65
515,80 / 64 * 87 / 25 - 53 - 59
516,17 * 90 * 83 - 52
517,11 + 16 - 52
518,4 - 51 + 74 - 33 - 24
519,7 + 95 + 79 / 95
520,74 * 72 / 62 + 35
521,73 - 66 + 26 - 4
522,3 / 5 / 28 / 9 - 56
523,51 * 24 * 31 * 33
524,90 + 65 + 75 - 75
525,78 + 9 - 11 / 71 - 32
526,7 + 94 / 89
527,60 / 53 - 68 * 63 + 93 + 65
528,36 * 90 + 83 * 75
529,86 * 85 / 69 / 92
530,94 - 80 / 68 * 5
531,65 - 86 + 89 * 62 - 92
532,29 / 46 * 5
533,99 - 66 + 20
534,24 * 76 * 100 - 6
535,94 - 64 / 43 / 12
536,13 * 67 + 97 / 67
537,6 + 19 - 39
538,90 - 97 / 62 * 37 - 68
539,57 + 95 * 75 / 95 - 89 / 100
540,73 * 28 * 72 * 41
541,51 + 40 * 7 * 98
542,75 - 6 + 61 + 37
543,93 / 50 * 85 - 32 / 35
544,10 * 84 + 90
545,66 * 82 * 78
546,18 - 88 - 65 - 98
547,92 / 86 - 91
548,30 / 4 * 15 / 42 / 11
549,18 - 5 - 25 + 54
550,91 / 89 * 47 + 21 + 43 + 28
551,82 - 24 - 50 - 24
552,11 * 80 / 54 + 35 - 35 / 20
553,49 + 17 / 84
554,25 + 94 / 7 - 11
555,85 / 58 / 67
556,74 + 58 / 14 * 75
557,42 + 32 / 40 * 88 + 79 - 73
558,44 + 97 + 20 / 28 * 63 + 37
559,43 + 3 + 44 / 19 + 86 * 25
560,20 / 93 - 20 - 26 / 40 * 97
561,6 / 82 / 69 / 51 / 86
562,40 + 41 - 48 * 97
563,92 + 15 - 59 / 81 - 27
564,18 - 23 + 74 + 81
565,37 * 80 / 68
566,28 / 41 / 68 - 33
567,62 - 67 / 15
568,88 * 69 - 69
569,16 * 74 - 28 + 2
570,55 + 25 / 61 + 28 - 15
571,87 - 3 + 18 + 60 + 14 / 60
572,33 + 6 - 58 + 18 / 30
573,53 / 32 - 44 - 77 + 86 - 69
574,75 * 17 - 4 * 20
575,52 * 66 - 71 * 15 - 61
576,60 - 33 / 13 * 90 * 27
577,69 + 40 - 5 / 89 / 89
578,9 + 24 * 1
579,50 / 67 * 60 / 72 / 8
580,36 - 73 * 28 / 46
581,64 - 92 / 39 - 68
582,26 - 64 * 1 - 68 / 95 + 35
583,18 / 71 / 74 - 13 / 99
584,12 - 67 * 18 - 62
585,57 * 69 + 70 / 26
586,18 * 51 + 73 - 55 + 80
587,50 * 90 / 90 + 48
588,37 + 30 - 36 - 24
589,25 / 76 - 10 * 50
590,90 * 78 + 16 - 17 - 64
591,5 + 71 / 45 - 1
592,73 - 1 / 2 - 86 * 94
593,86 * 29 / 1 / 53
594,96 * 82 * 84 * 94
595,35 * 42 / 8 / 51
596,10 + 44 / 35 * 81
597,54 - 90 * 67 * 30 / 28
598,58 + 75 - 85 - 46
599,58 + 9 * 11 / 17 * 72 - 70
600,78 - 89 * 16
601,36 - 16 / 75
602,37 - 22 / 34 * 50 * 13
603,75 / 30 / 35 / 38
604,11 - 75 * 50 - 21
605,81 - 41 / 23 - 33
606,89 + 64 + 48
607,29 + 60 + 14 + 2
608,7 / 94 - 87 - 9 + 52
609,16 - 70 + 36
610,71 - 10 / 44 * 4 + 30
611,5 / 96 / 42
612,20 + 41 + 74
613,19 / 43 + 52 + 39 * 12
614,38 * 23 + 86 / 33 - 36
615,18 + 74 + 77 - 2
616,73 - 96 - 20 * 67 * 20
617,31 * 20 / 39 + 80 * 85 / 31
618,69 / 52 - 61
619,57 - 85 * 13 + 57
620,64 + 65 + 7
621,99 / 28 / 69 / 35 / 19 + 98
622,57 + 95 - 48 + 65 / 59
623,42 / 79 * 90 + 42
624,37 + 54 - 35
625,55 - 19 / 32
626,77 * 54 + 56 + 4
627,42 * 22 + 79 - 61
628,65 * 93 + 61 - 100 - 21 / 8
629,26 + 62 * 87 - 33 - 13 / 51
630,5 * 10 / 21 - 23 + 74 * 10
631,64 + 44 + 62 / 73 - 84 + 16
632,24 * 82 / 3
633,14 * 69 + 3 * 63 / 17 / 9
634,83 - 42 * 63 / 26 / 44
635,1 - 66 / 33 + 87 * 54 - 81
636,6 + 84 + 30 * 37
637,47 - 28 / 18 - 78 / 7
638,35 * 75 * 90
639,42 + 58 + 98
640,9 + 14 * 30 / 41 * 28
641,40 * 78 + 8 - 50 + 48 - 24
642,23 / 62 / 7 / 16
643,93 + 97 + 75 + 2
644,42 * 36 + 79 * 23
645,11 / 96 + 20 * 83 / 73
646,48 / 75 + 75 - 17 - 47 / 34
647,62 - 27 - 74 * 98 * 84
648,54 * 1 / 26 - 46 + 13
649,61 - 95 / 27 * 81
650,23 / 50 * 19 / 3 + 48
651,35 * 80 * 55 - 18
652,66 / 58 - 61 / 5
653,27 + 38 - 39
654,95 * 19 + 2 / 28 * 70
655,42 / 63 * 62
656,35 / 26 * 13 / 84
657,91 - 37 * 87 * 22 - 52 / 77
658,47 * 37 - 9
659,79 / 15 * 93 * 66 / 95
660,27 - 22 * 10 / 61
661,99 * 31 / 51 * 81 + 9
662,63 - 62 - 84 + 57
663,68 / 88 - 28
664,60 / 45 * 62 + 14
665,16 / 78 / 67 - 29
666,88 * 59 - 66 * 13 - 28 / 40
667,24 / 59 + 67 / 82 / 49 / 40
668,44 / 22 + 98 * 30 + 42
669,20 + 47 - 39 * 69 - 29 + 43
670,4 / 90 * 80 / 87 + 61
671,44 + 61 + 27 * 69 - 75
672,15 - 82 / 41 * 99 / 66
673,40 / 37 - 48
674,19 * 91 + 63
675,5 / 94 + 32 * 69 / 31
676,96 + 79 + 11 - 78
677,12 * 70 * 3 * 73 / 72 - 45
678,54 / 4 * 17 / 12
679,37 + 23 / 3 / 10
680,30 * 100 + 70 * 87 + 90
681,43 + 73 + 88 * 63 + 46
682,43 - 93 - 75 - 44 - 61
683,45 * 85 / 83
684,23 / 72 - 51
685,33 / 68 - 22 - 35 / 70 / 52
686,69 + 63 - 92 / 16 / 24
687,8 / 7 + 5 - 21
688,52 - 7 * 31
689,45 + 94 + 57 - 27 * 93
690,56 * 2 - 100 / 15
691,10 + 88 * 30
692,22 / 6 * 64 / 6
693,69 / 25 + 63 * 47 * 80
694,27 / 6 - 11 * 12 + 8
695,64 - 12 * 3 + 80 - 51
696,60 * 72 + 32 - 20
697,34 * 57 - 51 / 92
698,80 / 8 - 60 / 26
699,81 / 1 - 39
700,61 / 31 - 75 - 13 / 76
701,31 * 27 - 17
702,48 - 48 * 8 / 19
703,51 + 54 * 47 + 50
704,85 / 26 - 84 - 46 / 65
705,94 / 84 / 25 / 83 / 62
706,4 / 99 / 15 - 77 + 62
707,67 + 47 - 36 * 3 + 64 * 48
708,54 - 53 * 69
709,82 - 28 / 4 / 66
710,91 + 67 + 50 * 54 * 77
711,18 + 66 / 23 - 22 / 39
712,91 + 76 - 92 * 75
713,51 + 44 / 7 * 71 * 55
714,93 + 26 / 15 + 12 - 37 - 69
715,62 * 6 / 94 - 19
716,82 - 95 - 20 - 22 + 93 * 61
717,25 * 18 - 34 * 61
718,77 * 62 * 64 * 51 + 56 - 28
719,82 / 16 + 3 * 95 - 82 - 87
720,74 - 77 - 46 * 48
721,70 - 35 / 85
722,58 / 47 - 74 * 2
723,46 / 90 / 84
724,72 / 37 + 36 + 37 / 1
725,22 * 93 * 42 / 70 / 25
726,1 * 13 + 87 + 92
727,66 / 57 * 66 + 59 / 46
728,42 - 17 / 2 - 56 / 63
729,81 * 14 * 71 * 54 * 89
730,62 - 1 / 45 * 52 + 41
731,89 + 80 + 50 / 67 + 23
732,44 + 71 - 10 / 57 / 55 + 28
733,3 / 17 - 26 - 67 * 10
734,57 - 34 * 59 + 58
735,95 * 37 * 72 + 11
736,87 * 20 - 17
737,81 + 76 / 1 * 51 - 94
738,28 / 21 + 65
739,6 + 12 + 25
740,77 - 67 / 95
741,2 + 57 - 68 - 65
742,36 / 30 + 8
743,28 + 8 * 83 + 2
744,21 / 55 - 78 / 40 + 11 - 91
745,21 / 87 + 81 + 62
746,94 + 39 * 58 * 10 * 69 - 79
747,34 / 55 - 67 - 86
748,86 + 55 + 98 - 15 / 58
749,20 * 31 - 34 - 22
750,39 / 37 / 39 - 64
751,64 + 57 + 96 - 70
752,29 + 50 / 42 * 76 / 26 * 76
753,20 - 59 - 8 * 24 + 21
754,93 - 45 * 45 + 75 * 13
755,54 - 1 - 94 / 33 * 82 + 60
756,18 - 96 / 25 / 18
757,31 + 34 - 33 / 31 + 83
758,53 + 30 * 94
759,94 * 19 - 59 / 42
760,63 / 90 * 2 - 25 / 36
761,81 + 47 + 100 + 25 + 59
762,70 * 42 - 10 + 78
763,8 + 47 / 72 * 33 / 62 / 77
764,84 / 54 + 18 - 81 * 73 + 42
765,26 * 18 + 10
766,76 - 30 - 40 * 94 / 2 + 92
767,35 * 99 / 31
768,90 - 56 + 36 - 90 + 54 / 67
769,96 + 44 / 27 + 48
770,46 * 70 - 33 + 85
771,66 + 3 - 48 + 4
772,88 - 9 / 98 * 46
773,5 * 17 - 75 * 41
774,82 - 95 * 68 + 10 + 17
775,66 * 26 / 60
776,66 * 24 + 83 * 94
777,23 + 46 / 20 / 21 * 39
778,17 + 44 / 68 - 77 * 30 - 10
779,57 * 98 + 27
780,19 + 36 - 44 + 94 + 83
781,80 + 82 - 60 + 8 / 75
782,75 * 44 / 56 - 62 - 79
783,51 + 11 / 66 - 96
784,35 * 7 - 96 / 31 * 34
785,82 * 45 + 94 * 56 + 96
786,12 + 75 - 9 - 60 + 54 / 74
787,41 + 99 / 32 * 79
788,5 * 46 * 81 + 71 / 39
789,98 + 16 * 100 - 54 * 68
790,38 * 64 - 2
791,30 / 18 * 2 / 91
792,39 - 10 - 66 - 73
793,50 + 52 / 52 + 54 - 37 * 65
794,3 + 82 * 26 + 24
795,35 / 24 * 15 + 18
796,50 - 57 - 38 / 39 / 25
797,93 + 76 - 72 * 55 + 23
798,36 + 99 - 93 / 44
799,47 * 66 / 38 + 89 + 58
800,21 - 61 / 59 + 42
801,98 + 30 / 36 - 79
802,78 - 37 * 62
803,22 * 77 * 94 / 55 * 35
804,57 * 98 / 5 * 39
805,89 - 37 + 41 - 82 - 2 + 12
806,54 - 89 + 89 - 49 / 7
807,6 / 98 * 73 / 42
808,36 + 32 * 77 - 69
809,86 / 54 * 83 / 6
810,3 * 38 + 3 + 20 - 38 * 89
811,73 + 46 - 63 * 36 - 31
812,94 + 94 - 81
813,52 * 65 / 81 + 80 * 30
814,47 * 84 - 21 + 23
815,67 / 13 / 56 - 9
816,15 + 56 / 8 + 77 - 59
817,30 + 74 + 93 + 27
818,39 - 15 - 86
819,53 - 23 / 63 * 4
820,66 + 9 * 71
821,76 + 55 + 5 + 2 - 69 / 18
822,71 - 74 + 24
823,60 * 87 + 22 + 43
824,82 / 8 + 14 - 37 / 14
825,6 / 29 / 4
826,50 + 93 / 25 / 39 - 60 * 32
827,80 - 15 - 43 * 20
828,85 * 92 / 8
829,86 - 13 + 48 - 3
830,30 * 47 / 78 / 65 / 72
831,67 + 6 + 5 * 92 / 72 - 100
832,70 / 72 - 41
833,41 - 96 + 85 / 70
834,64 * 61 / 97 / 16 * 82
835,79 * 57 / 97 * 64
836,39 - 18 + 94 * 62 - 30
837,99 + 32 * 47 + 33
838,92 / 71 * 32 - 49 - 66 + 34
839,41 - 82 - 51 * 62
840,58 + 88 - 97 / 34
841,46 * 94 - 49 - 82 - 66
842,22 * 29 * 10 + 35
843,40 * 86 - 31 - 43 / 67
844,37 * 39 - 78 / 58 + 55
845,69 + 95 + 27
846,61 - 61 - 58 + 84
847,23 / 54 + 58 * 59 - 73
848,70 - 31 * 53 - 100
849,58 * 25 + 69
850,82 + 28 - 53 - 97
851,37 + 86 * 98 + 18 * 69
852,8 / 47 + 97 * 69
853,40 * 38 * 96 - 55
854,12 - 2 / 48 / 58
855,79 * 74 - 52 * 92
856,75 - 56 - 57 / 99
857,88 * 82 * 14 - 77 - 67
858,68 + 94 / 34 + 1
859,61 - 21 * 77
860,2 - 94 + 50 / 87 - 10
861,14 * 14 + 92 - 50 * 27
862,26 * 59 - 38
863,63 + 3 * 34 / 69 + 91
864,43 * 4 - 86 - 63
865,35 + 58 * 62 * 99 + 69
866,48 + 70 + 99 / 31
867,10 / 99 / 14 - 35
868,45 / 10 / 95 / 44 * 17 / 9
869,74 + 54 / 6 - 6
870,46 - 91 / 58 + 41
871,2 + 33 * 17
872,27 + 14 * 75 * 42 + 17 + 11
873,30 * 77 - 52 / 87 - 54
874,5 + 81 + 16
875,62 * 14 / 22
876,50 + 18 / 80 - 83 / 30
877,93 - 54 + 27 + 7
878,42 * 39 - 78 - 64 / 59
879,78 * 45 * 24 * 9
880,57 - 63 + 74 + 84
881,67 / 87 / 58 - 87 + 29
882,70 * 54 + 62 / 12 + 15
883,80 * 40 / 85
884,54 - 81 + 15
885,70 + 90 - 82 - 21 * 48 + 71
886,90 / 81 + 47 * 55
887,57 / 41 / 90 / 74 * 41 + 87
888,73 / 78 - 64 * 95 / 37 * 94
889,68 - 58 / 54 + 61
890,47 * 11 / 54 / 42 * 30 - 27
891,33 * 24 + 71 - 65 + 30 + 30
892,23 * 25 / 32 - 11
893,60 + 74 / 41
894,64 / 71 / 45 - 67
895,26 / 72 * 64 + 43 / 5
896,46 + 19 - 30 + 99 / 6
897,62 - 91 - 44 - 28 - 54 - 74
898,57 + 4 / 38 + 68
899,6 / 82 - 17 - 8
900,57 * 27 * 89 + 35 + 41
901,79 / 100 / 77 * 23
902,56 * 34 / 85
903,91 + 52 / 13 + 85
904,6 / 97 - 59
905,15 - 35 + 37
906,20 + 91 + 15 * 98
907,61 * 92 / 32 * 61 / 9
908,60 / 51 / 26 + 14 - 32
909,83 * 51 / 99
910,36 - 82 / 10 + 16 / 74
911,54 * 59 - 50 + 72 / 76
912,23 * 84 * 68 + 56
913,34 * 75 * 87 * 44 * 24 / 56
914,7 + 76 - 19 - 90 * 97 / 22
915,63 * 7 * 33 / 17 + 35
916,12 - 5 / 19 - 11
917,45 / 9 / 45 * 22
918,86 + 88 - 86 + 39
919,30 * 7 / 52 - 79 + 4 - 72
920,71 - 21 - 98
921,5 + 16 - 99
922,84 + 54 / 44 + 69
923,58 * 23 - 73 * 27 * 16
924,50 / 56 / 75 + 79 + 85 - 81
925,61 * 92 / 23 / 8 - 73
926,80 / 97 * 9 * 37 - 81 * 11
927,31 + 98 * 28 + 41
928,54 / 81 + 74 - 53 - 5 - 93
929,97 - 73 - 59 * 51 / 26 + 1
930,12 + 16 / 63 - 38 - 79 + 5
931,53 - 13 * 96 * 86 * 45 / 80
932,73 / 56 * 62 / 70
933,26 * 60 - 52 / 91
934,47 * 43 / 4 + 89
935,60 + 89 * 25 * 20 * 3
936,83 + 96 / 57 + 59
937,13 * 84 * 92 * 5 * 14 * 24
938,29 * 96 - 66 - 89
939,70 - 85 + 91 / 7 * 26
940,71 - 88 + 91
941,82 / 84 * 39 * 65 / 24 / 83
942,11 / 47 + 9 - 73 * 34 - 15
943,50 / 52 * 33 * 69
944,65 - 7 - 76 * 77
945,5 + 12 / 72 - 68 * 33
946,55 - 92 * 12 + 65
947,3 - 17 * 54 - 81 * 91
948,25 / 33 * 8 * 6
949,61 * 6 * 96 / 67
950,79 + 37 / 53 + 75
951,86 + 69 / 48 - 50 + 27
952,99 / 63 * 9 / 65
953,39 + 45 - 61
954,13 - 17 - 37 * 84 / 74
955,80 / 69 - 36 * 63
956,67 - 72 + 90
957,3 / 17 * 10 - 29 * 50 + 21
958,2 + 54 / 40 * 14 - 59
959,35 - 34 - 57 / 90 + 11 - 32
960,39 / 85 / 26 / 86
961,49 / 83 / 91
962,45 / 42 + 100 + 68
963,1 - 76 * 83 + 56 * 64
964,13 - 83 + 33 + 70 - 80
965,86 - 12 * 41 * 88 - 87 + 45
966,92 / 31 * 13 - 12 + 11
967,48 + 24 * 71 * 25
968,7 / 72 * 78 / 74 - 37 * 30
969,51 / 79 * 64 - 92
970,89 - 35 / 76 + 55 - 51
971,80 - 41 - 97 - 23
972,6 + 34 - 80 + 89
973,80 * 2 + 99 / 65 * 53
974,66 + 80 + 72 + 49 + 44 + 35
975,41 + 78 / 58 / 22
976,51 / 75 + 17 * 16 / 56 - 89
977,68 - 7 + 46 * 77 / 87 + 91
978,8 * 44 - 60
979,9 / 7 + 2 + 49 * 52 + 35
980,33 + 96 / 60 - 70
981,1 - 90 * 10 - 32
982,37 * 58 / 62 * 61 - 33
983,90 + 7 / 58 - 45 / 73 * 66
984,52 - 18 + 69 + 37 + 2
985,74 + 24 / 80 - 17 + 28 + 63
986,10 + 76 * 20 - 5 / 57 * 5
987,94 * 100 / 32
988,84 + 23 + 19 - 23 + 78 * 83
989,26 * 60 * 15
990,16 / 27 + 67 + 15 + 47
991,87 + 51 - 82 - 24
992,8 * 29 * 28 / 76 * 35
993,69 + 84 * 6 * 34 - 79
994,22 + 35 / 44 / 3
995,95 / 54 * 34
996,48 / 67 / 66 / 10 - 89
997,7 + 74 - 15 + 55 - 97 + 44
998,4 / 37 / 68 / 4
999,72 - 29 / 94 * 38
1000,2 + 12 - 70
1001,29 / 47 / 37 + 22
1002,92 / 42 / 7 + 38 + 70
1003,84 * 14 * 8 + 70
1004,19 - 82 * 64 + 54 / 25 - 49
1005,56 / 36 * 22 / 82 - 2
1006,74 + 6 + 33 - 60
1007,53 / 25 / 93 - 54 + 52 / 37
1008,17 * 89 - 10 * 48
1009,96 * 98 + 36 - 26
1010,1 / 53 / 45 - 29
1011,88 + 57 / 10 / 56 / 77
1012,10 + 7 / 72 / 14 * 34 + 35
1013,67 / 71 + 35 + 82
1014,18 / 31 / 75
1015,87 + 26 + 100 + 17 * 41
1016,19 - 48 / 3 * 97
1017,92 * 20 + 37 - 58
1018,69 / 42 * 36 / 68 * 33
1019,48 / 97 + 78 + 13
1020,9 - 98 + 58 * 61
1021,19 * 66 * 32
1022,2 * 68 + 29 + 50
1023,10 - 78 / 22 - 89
1024,16 / 13 + 82 * 99
1025,86 - 100 - 53 + 97
1026,46 / 9 - 70 / 18
1027,82 - 53 * 36 + 19 / 20
1028,47 + 76 + 46 / 69 / 94
1029,12 - 94 / 30 + 26
1030,2 + 1 / 2 / 21 - 20
1031,65 - 77 - 43
1032,73 + 45 / 90 * 8 / 65
1033,97 / 77 - 4 * 47
1034,86 / 77 * 87 * 49 / 97
1035,78 - 2 - 71 / 56 * 81 * 48
1036,39 - 68 - 79 - 63 * 26
1037,52 * 58 - 72 - 19 * 84 + 68
1038,15 * 30 / 54
1039,22 / 17 * 89 / 82 + 61
1040,63 + 37 + 89 / 23 - 2 + 41
1041,65 + 12 - 95 * 49 - 79 * 98
1042,61 * 41 - 38 + 28
1043,82 * 16 - 71 + 2 * 66
1044,17 / 22 + 18 - 50
1045,68 / 52 - 14 * 78
1046,60 + 79 / 22 / 86 / 82 * 41
1047,32 + 49 + 94 * 33 - 30
1048,5 / 23 - 47 * 18
1049,48 - 91 - 59 * 48 / 36
1050,33 - 44 + 100 - 56 - 89
1051,34 + 29 / 61 + 31 / 90 * 67
1052,29 * 87 - 20 - 35 * 27
1053,14 + 87 * 16 / 98
1054,98 - 23 + 2 - 82 * 27
1055,87 + 23 * 40 / 28
1056,5 * 43 + 85 * 48 - 56 - 55
1057,17 + 5 - 86 / 58 / 2 + 86
1058,88 * 42 - 97 - 74 * 15
1059,20 * 56 * 54 * 31
1060,64 - 60 / 88 + 72
1061,19 + 63 * 77 / 14
1062,12 - 12 - 33 + 66 * 91 / 32
1063,26 + 70 / 73
1064,6 * 58 * 8 + 3 * 74
1065,26 / 70 / 40 + 98 * 86
1066,58 - 83 * 48 + 82
1067,12 + 15 - 5 + 2 + 28 - 26
1068,31 - 60 / 73 + 89
1069,51 - 85 / 67 + 3
1070,50 - 9 + 96 / 7
1071,45 * 2 + 36 + 43 + 75
1072,30 + 25 - 11
1073,70 * 77 + 34 - 75
1074,81 * 79 / 55
1075,98 / 16 / 86 / 99
1076,75 / 62 * 47 + 89 / 87
1077,70 + 66 + 85 + 45 + 59
1078,50 + 50 * 54 + 39 * 10 * 18
1079,1 + 90 * 10 / 25 / 28 / 85
1080,48 + 71 / 32 - 75 - 47
1081,21 - 20 / 70 * 98
1082,93 - 97 * 63 * 52 + 94
1083,10 - 42 + 79 + 62
1084,35 + 81 / 2 + 38
1085,41 * 35 - 39 * 69
1086,64 - 48 / 37 - 69
1087,28 - 65 - 46 - 6 * 7 - 28
1088,54 + 52 - 77 + 71
1089,9 / 10 + 71 * 99
1090,90 + 97 * 7 + 50 - 64 / 66
1091,26 * 59 * 11 - 74
1092,49 - 28 + 16 * 74 + 70 - 77
1093,48 * 51 / 64 / 8
1094,18 * 28 * 25 - 38
1095,68 * 40 * 52 / 42
1096,50 - 2 + 42 * 51
1097,60 - 61 - 36
1098,23 / 57 * 35 * 41
1099,99 - 97 * 92 / 27
1100,26 / 21 / 85 * 9 * 81
1101,4 / 65 + 27 - 25 + 24 * 41
1102,19 - 19 - 24 * 32 + 26 + 61
1103,95 + 100 + 78 / 79
1104,78 - 64 + 16 * 95
1105,82 / 13 - 45 * 37
1106,2 / 39 - 63 * 93 - 27
1107,25 / 60 + 37 / 6 * 92
1108,65 + 53 - 51 - 65 - 25
1109,4 / 82 - 20 - 40
1110,7 - 95 / 72 * 94
1111,83 + 66 - 64
1112,88 / 66 - 50 + 45 * 4
1113,6 * 86 - 78 + 31
1114,67 - 59 * 20 / 39
1115,87 / 24 / 7 + 4
1116,57 + 86 * 51 + 18 * 14
1117,34 * 13 - 60 / 65 / 95
1118,17 * 37 + 54 * 82
1119,11 / 89 - 40
1120,14 / 14 * 1
1121,26 * 87 / 41 / 79 + 25
1122,29 - 30 / 62 - 97 - 10
1123,7 + 53 * 98 - 61 - 46
1124,49 - 25 - 11 * 77 + 63
1125,40 - 8 / 99 * 31 + 93 / 30
1126,57 / 58 / 14 - 81
1127,37 - 38 / 73 + 25 - 63
1128,6 + 18 - 91 - 83
1129,70 - 41 + 48 - 80
1130,62 + 10 - 45 * 36
1131,37 - 6 / 38 + 25 * 58
1132,92 + 90 - 69 / 7 / 43
1133,16 / 22 - 32 - 34 / 94
1134,23 - 85 - 15 * 78 - 85 * 1
1135,80 / 24 + 19 - 13 / 97
1136,28 / 13 - 2 + 54 + 66
1137,15 - 77 / 11 - 37
1138,29 + 35 - 92 / 41 + 24
1139,10 + 3 + 7 / 20
1140,60 - 84 + 6 / 3 / 85
1141,88 * 15 + 46 / 66 - 17
1142,21 / 85 / 52 * 95
1143,61 + 23 / 69
1144,41 - 4 * 29 / 95 - 50 + 86
1145,41 * 47 / 10 * 17 - 91 + 83
1146,88 + 37 + 56
1147,41 + 30 / 35 - 100
1148,11 * 72 / 99
1149,9 * 67 + 77 - 96 / 53
1150,63 * 74 * 70 / 90 * 20
1151,12 * 59 / 82 - 6 / 65
1152,100 / 55 - 11 * 79 / 8
1153,86 * 38 * 55 * 97 / 53
1154,63 - 94 + 90 - 88 / 40
1155,17 - 72 + 79 - 58
1156,91 / 16 * 13 + 76
1157,27 - 12 / 21 + 15 + 88
1158,80 - 98 / 60 / 39 + 81
1159,76 + 52 * 45 - 68 * 39
1160,92 + 56 + 54 / 46 / 21
1161,37 * 83 + 41 - 47
1162,41 / 16 / 16 + 53
1163,1 - 32 * 42 - 47
1164,96 + 48 - 17 - 69 + 95
1165,55 * 7 - 63 + 28
1166,78 - 62 + 79
1167,41 * 74 / 60
1168,62 * 1 / 3
1169,94 / 7 - 98 + 14 + 13
1170,60 + 27 * 18 * 2
1171,52 * 64 * 5 - 16 - 34 / 67
1172,20 / 83 + 43 * 2
1173,29 - 68 / 78 + 40
1174,65 + 1 * 4
1175,8 * 15 + 75 * 3 * 70
1176,100 / 55 / 34 / 45 - 72 * 35
1177,49 / 11 / 12 + 13 / 59
1178,61 + 94 * 9 + 3
1179,3 / 22 - 81 - 38 * 82 / 49
1180,57 * 83 + 98 * 31 - 33 * 22
1181,4 + 96 / 79 * 88
1182,67 + 93 - 29 / 1
1183,62 * 52 * 4
1184,26 - 20 * 85 - 48 - 53
1185,63 / 53 - 43
1186,5 - 96 - 48 * 45
1187,69 - 72 - 2 - 82 - 5
1188,16 * 81 - 51 + 72
1189,67 + 14 + 4 / 82
1190,90 + 1 + 11 / 8 * 34 * 11
1191,78 / 21 * 60
1192,32 / 3 - 82 * 9
1193,1 / 82 - 91 - 10 + 100
1194,6 / 90 / 48 + 32 * 66 / 77
1195,93 - 64 / 87
1196,35 + 19 / 42 * 49 + 12 + 49
1197,70 - 4 / 53
1198,97 + 20 * 71
1199,24 * 90 * 58 - 68 * 27
1200,65 - 80 * 30 / 45 * 57
1201,49 * 1 - 64 / 55
1202,70 / 87 - 94 / 51 * 6
1203,32 * 59 / 19 * 74 / 65 - 4
1204,6 - 55 - 45 + 95 * 49
1205,34 - 55 / 38 / 66 - 42
1206,57 - 18 - 25 / 5
1207,72 + 41 - 91 / 95 / 67
1208,37 - 24 * 63 / 46
1209,15 * 42 * 2 + 24 / 91
1210,2 + 18 - 33 + 30
1211,15 - 11 * 5 / 25 + 59 / 76
1212,60 * 8 * 44 * 73 * 93
1213,48 * 54 * 23
1214,30 + 38 / 83 + 35
1215,49 * 19 - 81 - 95 * 40
1216,43 * 46 * 50 / 15 / 15
1217,97 + 22 / 38 * 38
1218,50 / 84 - 71 - 86 * 69
1219,33 / 7 / 43
1220,42 + 76 + 26 - 53 * 80 - 35
1221,76 * 10 * 83 * 67 * 4 / 70
1222,38 * 77 / 27 * 14
1223,68 / 52 / 40
1224,56 - 84 - 42 + 36
1225,86 - 6 - 88 * 46
1226,12 + 23 - 48 - 42
1227,28 / 35 + 66 + 76
1228,38 + 16 / 88 + 29 + 22 / 22
1229,53 + 100 + 22 * 75
1230,45 - 40 + 58 / 29 * 26
1231,22 - 73 - 66 * 66
1232,99 / 8 - 42 - 47
1233,35 - 66 + 34
1234,89 + 76 * 31 * 94
1235,4 / 26 / 75 * 87
1236,48 / 29 - 34 - 97 / 22
1237,23 / 10 * 9 * 54 / 1
1238,58 - 69 + 36
1239,87 / 42 * 95 * 22
1240,38 / 65 * 31 - 24 * 62
1241,66 + 1 + 34 - 23
1242,14 * 66 * 83 / 31
1243,36 + 91 / 14 / 81 * 70 + 17
1244,83 / 31 * 63 - 64 + 9
1245,31 * 71 - 61 / 52
1246,86 / 89 / 77 - 75 - 87 / 37
1247,99 / 81 - 16
1248,47 * 19 + 17 / 22 - 58 * 88
1249,47 * 79 * 34 / 96
1250,43 - 3 + 92 - 18 - 3 * 28
1251,85 + 75 / 80 / 15
1252,74 * 24 / 32 - 2 * 11
1253,19 + 36 - 83 + 91 + 54 - 31
1254,56 + 68 * 9 * 67 - 96 / 88
1255,26 + 12 - 54
1256,33 + 2 - 45
1257,93 + 71 / 13 - 27 * 62
1258,14 / 73 * 22 / 1 * 52
1259,24 / 14 + 35 * 37 + 49
1260,37 - 78 + 78 * 3 / 55
1261,94 + 78 / 100 - 46 - 9 * 11
1262,15 / 44 + 71 + 13
1263,89 - 55 / 43 / 1 - 98 + 64
1264,85 - 31 / 76 + 67 - 56
1265,72 / 7 / 83 * 10
1266,61 * 23 - 21 + 21
1267,75 + 58 * 1 / 9 * 17
1268,22 - 70 * 40 + 95 - 4
1269,48 + 73 - 40 / 30
1270,89 * 53 + 74 - 98 * 77
1271,27 + 75 / 14 - 14
1272,60 + 40 + 68 / 48
1273,34 - 8 * 43 + 18
1274,29 - 44 - 34 / 71 + 60
1275,27 * 7 + 99 + 13
1276,2 * 47 - 48 + 16
1277,89 - 67 / 10
1278,86 - 66 * 6 * 22 / 3 - 78
1279,5 + 4 / 20
1280,7 * 41 - 97 * 55 + 23
1281,91 / 12 / 78 * 15
1282,78 / 95 - 20 - 1 * 88 * 3
1283,4 / 50 * 35 - 28 + 71 - 22
1284,5 / 54 * 65 * 2
1285,93 * 37 / 33 + 39 / 83
1286,55 - 9 + 55
1287,10 * 53 - 82 * 73 + 67 / 59
1288,21 - 64 / 9 - 77
1289,11 * 92 * 47 / 36 * 58
1290,19 + 56 + 78
1291,26 + 98 + 94 - 5 - 32
1292,44 + 43 - 38 + 16
1293,33 / 28 - 18 + 24 + 58
1294,88 / 59 / 68 * 24 + 95 * 19
1295,93 - 17 + 94 + 25 - 91
1296,47 / 92 + 3
1297,83 / 6 + 93 * 23
1298,95 / 57 * 73 + 43
1299,93 * 16 + 49 + 16
1300,37 * 45 + 7 - 32
1301,3 + 20 + 13 - 42
1302,53 / 18 - 84 - 76 - 67 - 12
1303,50 / 59 + 83 * 11
1304,59 / 67 / 68 + 95 - 18 - 47
1305,31 / 2 * 86 - 28
1306,58 / 4 * 1 * 42
1307,30 * 17 * 97 / 78
1308,15 / 26 * 87
1309,82 - 84 - 71 / 85
1310,56 * 17 * 34 / 11 / 32
1311,67 / 7 + 11 + 84 * 54
1312,97 + 74 - 97 * 74 + 84
1313,28 * 96 - 87 - 49 * 65 + 95
1314,56 * 29 - 60 + 84 + 34
1315,31 / 21 * 76 - 47 - 21
1316,75 * 2 * 69 - 67
1317,35 - 4 * 5 * 22
1318,37 + 28 / 84 - 12 + 28 * 18
1319,40 / 57 - 33 / 24 + 3
1320,45 * 48 + 61 / 71 + 64 + 65
1321,90 * 19 * 4 / 40
1322,98 / 22 + 72 - 90 + 32
1323,8 / 88 + 30
1324,58 * 9 + 12 * 45
1325,39 - 31 * 55 - 54 - 87 + 65
1326,3 / 67 / 61 + 37 - 4
1327,1 / 82 * 86
1328,39 / 11 - 59 - 6 * 6
1329,73 + 75 / 93 + 27 / 24
1330,82 * 26 + 8 / 45 / 79
1331,81 - 6 - 49 / 81 - 83 / 26
1332,56 / 86 - 41 - 23
1333,30 - 72 + 65 * 77 / 49
1334,60 * 35 + 77 + 31 / 22
1335,68 / 76 * 67 * 17
1336,20 - 33 * 21 * 42
1337,93 + 71 * 5 - 62 * 68
1338,27 / 70 - 98 / 63
1339,1 + 70 - 35 - 39 * 91
1340,34 - 6 + 31 + 63
1341,65 + 11 - 10 - 57 * 48
1342,74 + 35 * 79
1343,81 + 8 * 81 / 43
1344,20 / 9 + 21 * 11 - 86 - 72
1345,63 - 19 * 50 / 26 - 38
1346,98 + 37 / 94 + 74
1347,2 * 61 - 32 + 82 * 98
1348,87 - 6 * 31 + 73 / 27
1349,3 + 55 + 21 / 72
1350,55 * 80 * 78 + 35
1351,43 + 87 * 82 / 74
1352,61 - 92 / 36 + 30
1353,59 * 6 / 90 + 77 - 4
1354,26 - 20 / 79 + 74 + 15
1355,17 - 3 * 25 * 31
1356,19 / 19 / 39
1357,35 - 54 + 85 * 12
1358,7 * 60 * 66 * 31
1359,83 - 23 * 42 + 97 * 53
1360,3 / 88 + 55 * 73 - 88
1361,40 - 99 * 86
1362,76 / 60 - 43 + 69
1363,51 / 71 - 82 / 26 - 15 - 62
1364,47 / 97 * 25 * 63
1365,90 / 56 - 97 - 40 - 81
1366,19 - 3 - 7 * 42 - 63
1367,67 / 92 - 3 - 30
1368,81 * 13 + 84 + 59 - 77 * 13
1369,12 - 39 + 23 * 94 / 76
1370,43 / 92 * 59
1371,42 / 43 * 90 - 59 - 35
1372,100 + 3 - 81 - 41 + 96 * 69
1373,58 - 46 - 53 - 76
1374,2 + 15 * 59 + 10
1375,73 / 50 - 64 / 43 * 91 - 42
1376,8 / 27 / 97 / 21
1377,40 - 62 - 73
1378,80 - 32 - 48 + 50 / 67
1379,81 + 96 * 27 / 47 - 25
1380,36 - 54 - 90
1381,51 + 39 - 3 / 36
1382,55 / 1 * 78 / 22
1383,26 - 80 / 41
1384,65 / 84 + 17 / 32
1385,59 * 78 / 31 + 94
1386,100 + 55 / 57 / 80
1387,88 + 92 - 41 / 11 + 48
1388,40 / 15 + 92 - 28 * 37 / 15
1389,4 / 51 * 46 * 36 / 84
1390,19 - 19 / 43 * 8
1391,17 + 3 - 30
1392,11 / 64 / 70
1393,34 + 78 + 36 - 28
1394,1 - 16 / 58 / 48
1395,8 * 59 / 56 + 84 - 46
1396,100 / 37 - 73 / 8 + 93 * 98
1397,72 * 55 - 95 + 25
1398,7 + 37 + 55 / 19
1399,14 * 66 + 2 / 95
1400,74 - 13 / 84 / 22
1401,22 + 97 - 76
1402,3 * 29 - 81 - 1
1403,71 - 39 - 87 + 57
1404,93 / 33 * 55 * 51 / 14 * 62
1405,66 - 90 + 87
1406,33 - 62 - 5 + 93 * 72
1407,88 + 44 / 93 / 20
1408,41 / 58 + 46 / 38
1409,17 - 36 - 87 / 18
1410,1 / 58 / 87 / 34 + 72
1411,59 + 27 - 38
1412,66 * 14 - 87 + 3
1413,64 - 70 - 44 + 59
1414,25 * 34 + 43 - 91
1415,77 + 50 * 99 * 55 + 96
1416,64 + 22 + 33 / 81 - 24 - 26
1417,100 * 69 - 93 / 74 * 41 + 71
1418,8 + 12 * 68 * 84
1419,41 * 20 / 92 + 12
1420,69 / 14 + 49 * 65 / 14
1421,38 - 9 + 5 * 48 * 54
1422,80 / 42 - 26
1423,83 - 80 + 85 + 78 + 66
1424,84 / 48 * 92 / 8
1425,46 * 28 * 52 * 34
1426,84 - 50 / 11 / 57 / 70
1427,6 - 82 - 69
1428,5 * 6 - 55 + 91
1429,47 + 54 + 3 / 1 + 77
1430,89 - 19 / 51 / 60
1431,18 + 30 * 36
1432,89 * 73 - 63 + 31
1433,54 - 10 * 56 * 52 + 9
1434,46 * 40 * 52 * 64 + 81 + 39
1435,95 * 20 * 3 / 63
1436,99 + 93 - 95 - 54
1437,99 * 56 * 31 / 97
1438,16 / 86 + 24 - 28 / 1
1439,73 - 100 / 95
1440,24 * 44 / 77 / 73
1441,90 + 16 * 59 * 20 + 96
1442,38 - 66 * 51 * 40
1443,51 + 45 - 33 * 59 + 24
1444,83 * 13 / 28 - 92 / 39 - 48
1445,98 + 65 * 34
1446,8 * 84 + 62 * 67 / 5
1447,48 + 93 / 72
1448,47 - 66 * 71 / 15
1449,15 * 88 - 49
1450,99 * 98 - 24 + 69 * 68
1451,50 + 36 - 27 + 39
1452,38 / 83 + 87 / 96 - 19 - 19
1453,91 * 16 / 82 * 50 * 70 - 83
1454,77 + 26 - 76 - 83 + 85
1455,48 / 10 / 70 + 48 + 63
1456,2 * 20 + 34 + 29
1457,16 * 50 / 49 + 30 + 47
1458,56 * 17 + 94 * 68
1459,51 - 71 * 11 - 25 - 5
1460,82 * 69 * 28 * 21
1461,58 / 56 + 85 * 34
1462,12 - 64 - 77 * 76 + 34 + 90
1463,75 + 85 - 94 * 44
1464,75 * 84 * 95 - 61
1465,98 * 55 - 99 - 80 + 75 * 64
1466,23 * 11 / 38 + 86
1467,16 - 21 + 10
1468,78 / 93 + 49 + 72 / 36
1469,3 + 99 + 12 / 97 / 64 - 26
1470,70 / 78 * 58 * 45
1471,13 * 10 - 31
1472,20 + 73 / 9 - 70 + 16
1473,45 / 4 + 32 / 14
1474,8 * 44 / 65 / 82
1475,42 - 17 - 48 - 17
1476,42 * 60 * 4 / 9
1477,95 - 69 * 4 * 90
1478,5 / 76 / 52 + 41 + 4
1479,62 / 80 + 66
1480,74 * 28 / 41
1481,37 / 44 - 68 * 42 * 2
1482,7 - 68 + 16 / 86 + 52
1483,93 * 8 + 30 * 86 / 96 / 62
1484,51 / 19 - 77 - 18
1485,36 - 8 / 15 / 44 + 57 * 45
1486,18 - 70 / 55 / 64
1487,87 * 4 - 91 - 35 + 10
1488,43 / 60 + 63
1489,86 / 75 * 13
1490,58 + 35 / 61 - 85 * 42
1491,46 / 47 + 71
1492,18 + 71 / 17 * 3
1493,41 / 93 + 39
1494,17 + 28 - 36
1495,61 - 45 + 79 - 84 - 47
1496,49 / 19 * 75 / 50 / 48
1497,51 - 25 - 82 * 85 * 97
1498,75 * 79 / 95
1499,48 * 27 + 2
1500,7 + 44 / 50 - 81 * 43 + 4
1501,19 * 18 + 12 + 75 * 32
1502,46 + 82 * 49 + 11 - 17 / 6
1503,61 / 46 * 56 / 63
1504,28 / 41 / 58 / 22 - 19 - 65
1505,18 / 40 - 24 - 5 / 52
1506,44 * 47 / 18 - 96 * 4 - 89
1507,37 - 45 + 69 + 27
1508,35 + 82 - 52 / 65
1509,3 / 36 - 52 + 56
1510,33 - 31 / 40 / 88
1511,62 / 52 - 7 / 24
1512,86 / 28 / 14 / 44 * 82 - 82
1513,62 - 84 / 40 + 9
1514,64 / 76 - 39 * 58 / 94
1515,1 * 51 + 69 + 79
1516,28 / 3 * 25 + 36 / 82
1517,62 + 60 - 94
1518,81 * 44 / 72 + 82
1519,32 + 13 - 56 / 9 + 97
1520,96 * 55 + 97 * 10
1521,41 + 12 / 57
1522,43 / 11 / 29 * 25 / 67 * 26
1523,49 * 61 * 87 - 17
1524,81 + 76 * 96 * 8
1525,80 + 87 / 6 - 98 + 38 * 24
1526,100 + 92 * 53
1527,78 / 15 + 95 - 35
1528,43 + 18 * 33 * 47
1529,75 - 43 * 83 * 89
1530,99 * 31 + 71 + 93
1531,19 - 62 - 95 / 55
1532,25 * 45 - 100 * 76
1533,37 - 83 / 72 - 60
1534,92 + 59 * 87 + 18
1535,24 - 95 - 75 / 96
1536,79 / 65 / 97 - 41
1537,24 / 9 - 56 - 92
1538,42 * 17 + 68 * 79
1539,41 + 29 + 12
1540,85 - 14 / 28 / 2 / 9 * 50
1541,100 / 72 - 90 / 75 / 20 / 94
1542,99 * 69 - 35 / 19 + 34
1543,87 * 46 / 14 / 59
1544,37 * 14 + 9 + 2 * 55
1545,1 / 42 * 58
1546,30 * 23 * 26 * 69
1547,2 + 15 * 70 / 98
1548,76 / 38 - 91 - 50
1549,97 * 76 - 20
1550,44 * 43 + 58 + 25
1551,94 + 62 + 48 / 64 + 37
1552,5 + 7 / 33
1553,27 * 77 - 72 * 40 * 16
1554,81 - 59 + 93
1555,64 + 5 + 46 + 31 - 90 + 100
1556,57 + 24 + 42
1557,93 - 31 / 36 - 96
1558,32 + 5 - 91 * 85 * 77
1559,13 / 32 + 11 / 31 * 34
1560,26 / 52 * 3 * 59
1561,8 - 82 + 43 * 57 + 26
1562,8 / 53 / 19 * 94 + 10 * 45
1563,62 * 100 - 10 / 90
1564,93 + 68 / 79 - 74 / 40 - 73
1565,65 / 26 + 72 - 33
1566,3 / 52 - 65 + 73 / 15
1567,92 * 56 + 55
1568,93 + 88 + 15
1569,22 + 45 * 84
1570,11 / 20 + 79 / 40 - 46 + 8
1571,7 + 86 / 30 * 27 - 64
1572,62 * 74 / 79 + 67
1573,25 / 9 / 42
1574,21 / 92 / 73
1575,76 + 71 - 47 + 16 / 42
1576,37 / 2 + 7 * 98 * 91
1577,47 * 69 / 54 + 52 + 100
1578,12 * 67 * 29 + 35 / 29
1579,55 * 25 - 67 - 64 + 29 / 45
1580,20 - 83 * 59 / 48
1581,2 + 89 * 48 / 57 + 53
1582,21 / 46 - 98 - 57
1583,62 + 25 - 17 + 92
1584,79 - 62 / 8 / 61 + 45 * 27
1585,5 / 66 / 19 + 33
1586,41 + 13 * 35 + 7
1587,3 * 35 + 19 / 85
1588,11 + 9 - 12 / 1 - 39 - 26
1589,71 + 89 + 21 - 28 / 46 + 64
1590,29 / 62 + 23 - 51 - 48
1591,66 + 100 - 33 + 7 * 41 + 63
1592,100 / 95 - 87 + 27 + 90 + 89
1593,1 / 64 - 73 + 24
1594,13 - 69 / 66 * 72
1595,13 / 86 * 29 + 21
1596,92 - 15 * 69 - 37 + 71
1597,97 - 25 * 74
1598,9 + 96 + 37 * 64
1599,39 - 4 / 71 - 34
1600,40 * 63 - 59 / 21 - 68 + 93
1601,83 - 24 + 100 / 91 - 51
1602,78 + 52 / 71 + 18 + 89
1603,46 + 12 - 79 + 80
1604,13 * 61 / 26 / 100
1605,67 - 94 - 17
1606,4 - 67 * 25 / 23
1607,28 / 65 - 35 - 16
1608,2 + 62 - 82 / 98 + 64 * 42
1609,78 * 16 / 85 + 96
1610,56 - 100 - 15 + 18
1611,62 + 16 * 25 - 2 / 30
1612,58 - 99 * 59 + 20
1613,69 - 90 + 57 - 53 / 10
1614,60 / 98 - 25 - 15
1615,82 + 82 + 52 * 67
1616,40 * 49 - 25 / 70 * 62 * 42
1617,27 / 16 + 94 + 44 + 64
1618,2 - 91 - 93 + 96
1619,15 / 93 + 86 + 37 - 81
1620,79 / 29 * 6 / 56
1621,86 - 80 * 89 - 76
1622,63 + 44 * 81
1623,16 - 31 + 83 - 87 / 28
1624,12 - 43 / 5
1625,99 - 71 + 74 / 10
1626,74 / 19 + 13 / 84
1627,53 - 21 - 44 / 92 - 86 / 44
1628,77 * 29 - 38 / 79
1629,56 - 79 * 67 * 96
1630,98 - 67 * 16 - 71
1631,21 + 83 + 68 * 7 - 58
1632,92 + 43 / 4 / 91
1633,6 / 42 - 87
1634,20 * 20 - 26 * 95
1635,68 - 19 - 14 - 98 + 2
1636,1 / 74 / 75 - 16 / 41 / 48
1637,69 * 82 + 40 / 70
1638,25 - 18 - 99
1639,62 * 6 / 95 - 99 - 67
1640,38 + 93 / 26 + 30
1641,43 + 40 / 78 + 14
1642,44 / 61 / 92 / 81 + 47
1643,12 / 66 / 49 - 2 + 97
1644,80 + 46 / 68
1645,11 - 61 - 32 * 58 * 74
1646,41 - 83 + 89 + 92
1647,13 / 23 * 22 - 80 / 18
1648,100 + 10 / 75 / 87
1649,60 - 32 / 87 - 52 * 36
1650,29 / 23 + 67 + 84
1651,61 / 79 * 83 + 47
1652,91 * 93 / 32
1653,16 * 5 - 99 + 58 * 43
1654,55 + 36 * 37 + 61
1655,72 + 46 / 57
1656,17 * 24 / 12 + 96
1657,95 * 71 * 73 - 39
1658,5 + 87 - 82 - 6 * 20 - 71
1659,96 + 99 / 73 - 14 - 33
1660,21 * 15 * 16 * 88
1661,6 / 2 * 47 + 57 + 47
1662,93 * 48 * 71 / 91
1663,66 / 45 + 96 / 15
1664,73 * 93 / 92 * 78
1665,63 + 23 - 89 / 1
1666,94 + 100 + 58 / 5 - 17
1667,26 * 50 + 77 + 39
1668,68 - 61 * 100 + 98
1669,53 - 61 / 21 - 13 - 83
1670,82 + 88 * 46 / 67
1671,25 - 79 / 81 * 82
1672,30 / 60 / 83 + 10 * 45 - 56
1673,71 + 36 + 3 - 75 * 52
1674,62 / 37 * 68 * 95
1675,6 / 18 / 34 / 77
1676,15 * 58 - 33 * 62
1677,90 - 83 * 11 - 45 / 52
1678,78 * 24 * 92 + 76 - 97
1679,23 * 70 * 86 / 53 - 43 - 48
1680,43 * 61 - 90 - 88 - 29
1681,54 - 65 - 33 + 23
1682,86 + 66 * 20 - 93
1683,78 / 95 * 74 * 21 - 32
1684,88 - 4 + 98 * 78
1685,83 * 90 - 40
1686,96 * 96 / 85 - 57 * 90 + 43
1687,77 + 75 / 87 / 89 - 40
1688,39 / 91 * 21
1689,13 - 55 + 16 * 56 * 14 / 20
1690,10 * 79 - 40
1691,99 / 71 * 60 + 38 / 97
1692,82 + 48 - 55 + 22
1693,14 * 99 + 73 / 16
1694,68 - 49 / 59 * 88 + 44
1695,50 * 21 + 77 - 7 - 54
1696,69 * 17 - 65 + 73
1697,13 + 72 / 60
1698,14 + 81 / 97 - 74 / 42 * 81
1699,86 + 4 * 12
1700,53 / 24 - 49 / 39
1701,15 * 41 / 22 * 19
1702,95 + 45 * 52 * 8
1703,7 * 44 * 26 / 47 + 40
1704,85 - 85 / 55 / 36
1705,64 / 71 * 51 - 19
1706,78 / 46 / 87 - 57
1707,8 + 66 - 81 - 77
1708,26 * 23 / 34 * 59
1709,7 + 16 / 38 + 1 + 11
1710,72 / 8 * 5 / 89 - 90 / 71
1711,16 - 51 - 27 - 96
1712,31 / 18 * 51 / 50
1713,21 + 59 * 93 * 94
1714,73 / 12 / 15 - 87 + 94 + 95
1715,95 - 93 * 88 * 16 / 5 + 15
1716,59 * 95 / 40 - 11
1717,22 / 60 - 48 + 92 + 51
1718,12 * 5 / 88 + 98 * 10
1719,5 / 80 / 69 * 60 / 7
1720,56 + 52 * 54 + 63
1721,31 * 76 - 7 + 74 - 17
1722,7 * 67 / 62 - 98 * 17 - 98
1723,90 + 65 * 96 * 85 / 18 * 23
1724,60 + 80 * 75 * 33 + 81
1725,26 - 75 - 64 + 93 - 9 * 4
1726,55 * 82 * 9 * 88 * 56
1727,68 + 17 * 59
1728,33 - 94 + 38 - 36
1729,14 * 20 * 38 / 78 / 7 * 53
1730,73 - 60 + 88
1731,76 - 6 - 95 - 72 - 41
1732,20 + 73 / 41 / 54
1733,13 + 76 + 69 - 80
1734,21 + 74 / 30 * 64
1735,58 * 90 * 48 - 63 / 36 * 23
1736,20 - 6 * 11 + 100
1737,81 + 49 - 69 - 20 - 19
1738,7 - 36 * 94 - 1
1739,33 - 59 - 44 + 21
1740,23 / 23 + 73 + 27
1741,63 + 47 / 14 / 19
1742,83 + 22 - 16 + 42 + 90 + 41
1743,99 / 73 + 12 * 65
1744,2 + 99 + 30 * 3 + 9
1745,16 + 62 + 42 - 32
1746,47 - 28 - 4 * 32 + 66
1747,100 + 55 - 69 * 51 * 26
1748,83 * 77 - 68 - 39
1749,57 + 99 + 61 + 78
1750,15 - 9 - 76 * 40 - 23
1751,92 + 13 + 51 - 19
1752,5 / 24 * 62 - 80
1753,100 / 96 + 95 - 39 * 47 / 89
1754,4 / 88 - 54 - 34
1755,99 / 56 + 90 * 19
1756,55 + 3 / 77 + 39 - 16
1757,3 / 59 * 35 * 21 + 21 + 74
1758,6 * 28 / 54 + 95 / 43 * 15
1759,39 / 79 * 64 / 20 - 9
1760,51 / 75 * 25 / 18 - 6
1761,68 + 43 / 75 * 91
1762,68 - 74 + 12
1763,26 / 89 + 69 / 86
1764,42 / 7 + 76 + 43
1765,92 - 82 / 68 / 88
1766,91 + 90 - 33 + 23
1767,70 * 40 - 32 * 92
1768,6 - 49 / 13 + 4
1769,46 - 22 / 14 / 86 * 52 * 10
1770,93 / 26 * 31 / 21 / 85
1771,41 / 76 * 22 - 66
1772,47 / 27 + 9 + 78
1773,59 * 15 / 64
1774,88 / 97 - 98
1775,70 - 63 + 76 + 69 + 1
1776,2 + 38 / 93
1777,46 + 11 - 18 / 8
1778,33 * 1 - 81 * 75 + 66
1779,77 + 41 / 70 / 73
1780,18 - 97 * 15 / 48 / 64 * 21
1781,12 * 62 + 7 + 27 / 64
1782,89 + 26 / 3 / 97 * 80 / 97
1783,4 / 69 / 53 + 89 + 12
1784,45 - 51 * 83 - 21
1785,35 / 13 / 8 - 29
1786,43 * 86 / 72 / 7 + 14 / 74
1787,87 / 100 / 53 - 45 + 65
1788,59 / 46 * 69 / 64 / 69
1789,17 * 28 * 31 * 48 + 73
1790,58 + 32 + 79 - 36
1791,71 * 70 * 52 + 21
1792,32 * 25 / 53 + 2
1793,88 / 43 * 50 * 8
1794,32 / 42 * 65 + 46
1795,73 - 20 - 53 - 17
1796,56 * 9 + 45 + 39
1797,85 * 91 + 21 * 34 - 37
1798,55 + 96 * 64 + 5 / 6
1799,75 / 69 / 53 * 93
1800,42 + 25 / 80 + 34 * 52
1801,18 / 56 / 84 * 68 + 84
1802,67 / 4 + 88 - 31
1803,43 * 76 / 18 * 58 - 81
1804,87 * 42 * 14
1805,21 / 67 - 63 / 34
1806,28 + 13 - 34 * 87
1807,89 * 71 + 32 * 57
1808,46 / 57 - 17 + 95
1809,61 + 52 * 70 * 3
1810,12 + 56 / 85 / 18
1811,60 - 62 * 5 + 34 * 14 * 99
1812,20 / 11 * 64 - 48
1813,82 / 7 / 47 * 63
1814,33 / 65 - 69 + 21 - 16 / 1
1815,3 - 76 / 40 * 64 / 47
1816,28 + 72 - 48 * 87 / 38
1817,12 - 28 - 94 - 93 * 43 / 23
1818,71 / 85 * 75 + 6 - 36 / 5
1819,74 * 88 * 18 - 66
1820,23 * 53 - 75 / 36
1821,65 - 59 + 17 - 96
1822,13 - 15 + 49 - 16
1823,11 * 92 / 43 / 82 / 65
1824,2 / 22 + 29 - 9 - 100 * 17
1825,75 - 23 + 46 * 1 * 37
1826,31 - 91 + 57 / 8
1827,12 + 87 + 78 + 24
1828,99 * 65 * 88 + 13 / 56 * 36
1829,64 + 23 / 44 - 56
1830,55 - 98 + 33 + 59
1831,39 * 84 / 62 + 54 - 43
1832,66 + 71 * 89
1833,51 * 75 / 100 - 90 / 37
1834,37 - 71 - 54 + 34
1835,32 - 13 - 60 * 71 / 67 / 57
1836,21 * 13 + 61 / 33 * 54
1837,99 + 29 * 47 / 1 / 89 - 52
1838,37 * 74 - 39 * 7
1839,87 / 55 * 84 * 52 + 61
1840,60 + 59 + 39
1841,89 - 99 * 60 / 27
1842,44 * 32 * 32 + 76 - 31
1843,73 / 68 / 33 + 76
1844,30 / 89 * 76 * 12
1845,72 + 61 - 89 * 85
1846,11 - 2 - 12 / 70 * 2
1847,83 / 46 + 59 * 97
1848,5 + 100 / 79 / 20 / 69 * 16
1849,58 / 90 + 33 - 5 * 49
1850,53 + 22 * 10 / 98 * 47
1851,56 / 36 + 75 + 44
1852,80 - 26 / 93 - 75 + 69
1853,49 / 15 - 100 * 2
1854,39 * 12 + 93 + 14
1855,13 - 49 - 28 - 35 / 59 * 17
1856,22 / 25 / 69 - 40 * 82
1857,61 - 46 * 89
1858,76 * 42 - 42 + 34 / 89
1859,9 * 83 - 59 / 60
1860,70 / 12 - 27
1861,22 + 75 + 93 - 82
1862,76 + 13 / 8 - 45 * 32
1863,24 - 95 + 54 / 64
1864,91 / 46 * 65 - 9 + 45
1865,34 * 94 - 48
1866,55 + 4 + 43 / 15
1867,10 / 71 / 4 + 80
1868,89 - 70 - 60 - 41
1869,99 * 15 * 7 / 11 / 75
1870,56 - 82 / 15 - 90 - 83
1871,86 * 24 - 70 / 1
1872,48 - 59 / 57 - 32
1873,95 + 71 * 11 * 71
1874,60 - 9 / 50 - 6
1875,94 * 40 / 25
1876,71 + 66 + 17 / 53 - 25
1877,93 * 12 / 53 - 79
1878,89 / 73 / 64 * 15
1879,66 + 43 + 49 + 37 + 46
1880,24 * 67 - 75 / 8
1881,34 * 65 + 33
1882,19 + 31 * 18 / 10 * 21
1883,96 / 36 * 91 - 46
1884,68 + 30 - 10 * 26 - 98
1885,77 / 41 * 4 / 26
1886,4 - 88 + 89
1887,36 * 90 / 77 - 23 * 82 + 14
1888,13 * 33 + 81 - 54
1889,39 / 91 * 42 * 10
1890,34 / 17 * 73 * 31
1891,40 * 21 * 4 / 37
1892,47 - 91 * 39 / 79 - 98
1893,53 / 25 + 16
1894,38 - 66 - 63 + 52
1895,61 - 16 - 96 + 34 / 57 * 30
1896,25 - 10 / 10 / 97 + 56
1897,40 / 47 + 93 / 92
1898,85 * 90 / 93 / 17
1899,49 / 93 + 63 - 56
1900,100 + 56 * 84 + 33 - 58
1901,25 * 65 - 47 - 94
1902,41 * 64 - 7 + 17 - 77 / 80
1903,100 + 18 - 43
1904,51 / 83 + 50 * 84 + 70 * 10
1905,1 + 83 / 60 * 37
1906,97 + 15 * 86 - 31 + 75
1907,84 + 5 / 5 / 44 / 63
1908,42 * 11 + 45 * 75 + 18 / 35
1909,89 * 25 - 55 - 7
1910,97 + 33 * 76 * 29 + 97
1911,35 + 89 / 59
1912,86 + 93 / 72 * 34 - 13
1913,92 - 9 / 100 + 58 + 89 - 75
1914,86 - 31 / 69 / 73
1915,69 * 93 - 36
1916,45 + 95 * 34 / 75 / 83 * 57
1917,3 - 86 * 37 + 92 * 96
1918,72 - 54 / 77 / 23 / 14 / 38
1919,96 * 67 / 97 + 99
1920,56 / 34 * 88 - 8 / 53
1921,50 / 96 + 84
1922,81 + 90 * 89 / 81 - 78 - 5
1923,61 / 9 + 51 * 80
1924,38 / 24 / 10 + 69 / 55 * 98
1925,17 - 63 - 70 * 52 - 9
1926,19 / 38 * 36 + 2
1927,95 + 99 + 14 + 35 / 13
1928,60 / 80 + 55 / 27
1929,84 * 95 * 69
1930,17 * 95 + 33 + 75
1931,68 + 47 / 80 - 85
1932,11 - 67 / 90 + 72
1933,41 + 58 / 95 * 2 * 95 / 69
1934,30 / 46 * 36 * 96 - 54 - 10
1935,16 - 76 + 83 * 97
1936,12 + 31 / 29 + 63
1937,24 + 92 / 44 + 76 + 32 - 96
1938,56 / 31 / 39 / 65 / 15
1939,18 * 72 * 10 / 26
1940,26 * 88 + 92 - 82
1941,80 - 58 + 25 - 5 + 87
1942,91 + 30 - 23 + 19 - 27 / 3
1943,71 - 17 - 15 / 64 - 47 + 57
1944,50 * 50 / 54 - 70
1945,94 / 29 / 14 + 62 + 28
1946,46 - 12 - 74
1947,88 / 44 / 69 / 54 + 44
1948,93 / 25 - 51 - 42
1949,4 * 36 / 30 + 61
1950,68 * 86 + 18 + 76 / 42 / 66
1951,98 / 21 * 39 + 83 / 26 / 41
1952,93 / 77 / 3 - 30 + 89
1953,86 + 99 / 15
1954,24 * 58 + 62 * 24 / 37
1955,39 / 76 + 30 / 73 * 59 / 46
1956,79 / 82 + 24 - 89
1957,87 * 90 - 26 / 49
1958,39 * 14 / 51 - 46
1959,46 - 76 * 33 / 35 - 18
1960,93 * 38 / 19 / 28 * 6 / 40
1961,76 - 89 - 63
1962,55 * 44 + 1 / 23 - 79 - 58
1963,75 - 48 - 83 / 58 + 81
1964,88 / 30 / 15 * 48 - 98 - 23
1965,42 + 8 + 77 * 5 * 43
1966,75 * 29 - 45 - 8
1967,43 + 10 + 78 * 79
1968,7 / 12 + 46 - 33 + 99
1969,13 - 1 / 19
1970,62 * 12 * 13 * 20
1971,88 + 48 * 78 - 11
1972,57 + 67 + 15 / 82 / 24
1973,41 + 61 + 90 + 48
1974,39 + 80 + 13 - 7 + 93
1975,67 - 7 * 82 - 77 * 26 / 55
1976,64 / 7 + 95 - 58 * 21
1977,91 * 99 - 63 + 32
1978,58 - 38 / 24 / 39
1979,90 + 7 - 48 / 10
1980,16 * 25 * 56 - 38
1981,13 + 53 * 91 * 21 / 88
1982,51 * 47 - 77 - 10 / 45
1983,90 - 47 - 67 / 85
1984,4 / 46 / 39 / 88 * 2
1985,13 + 7 / 83 - 41
1986,50 + 85 + 48 + 98
1987,98 * 58 * 77 / 71 - 6
1988,14 / 16 + 66 / 90
1989,92 + 34 - 84 + 3
1990,23 * 67 / 82 / 71
1991,71 * 66 * 69 * 88
1992,65 + 79 * 94 - 94
1993,80 / 39 / 15 - 62 / 89
1994,60 * 55 / 65 - 64 * 51 + 95
1995,84 + 82 * 99
1996,63 / 10 - 80
1997,52 * 83 - 60
1998,28 + 29 * 46 * 62 - 36 + 12
1999,60 + 63 * 94 - 39
